{
    "es": 0.859037514209928, 
    "cs": 0.422887457370216, 
    "tr": 0.9935581659719591, 
    "de": 0.4418340280409246, 
    "fr": 1.0, 
    "sv": 1.0
}